Bairro; Zona
Água Rasa; 
Alto da Mooca; 
Chácara Mafalda; 
Chácara Paraíso; 
Jardim Guanabara; 
Jardim Haddad; 
Jardim Itália; 
Jardim Silveira; 
Vila Bertioga; 
Vila Celeste; 
Vila Cláudia; 
Vila Clotilde; 
Vila Diva; 
Vila Graciosa; 
Vila Invernada; 
Vila Leme; 
Vila Libanesa; 
Vila Lúcia Elvira; 
Vila Oratório; 
Vila Paulina; 
Vila Regente Feijó; 
Vila Rio Branco; 
Vila Santa Clara; 
Alto de Pinheiros; 
Boaçava; 
Jardim Atibaia; 
Jardim Califórnia; 
Jardim dos Jacarandás; 
Jardim Ligia; 
Sítio Boa Vista; 
Vila Beatriz; 
Vila Ida; 
Vila Jataí; 
Vila Madalena; 
Vila Nogueira; 
Anhanguera; 
Jardim Anhangüera; 
Jardim Britânia; 
Jardim Clei; 
Jardim Escócia; 
Jardim Jaraguá; 
Morro Doce; 
Vila Chica Luísa; 
Aricanduva; 
Jardim Barreira Grande; 
Jardim Catarina; 
Jardim Cotching; 
Jardim das Rosas; 
Jardim Galli; 
Jardim Haia do Carrão; 
Jardim Nice; 
Jardim São Eduardo; 
Jardim Tango; 
Jardim Vila Formosa; 
Parque Maria Luisa; 
Vila Antonieta; 
Vila Nova Iorque; 
Vila Sara; 
Artur Alvim; 
Conjunto Habitacional Padre José de Anchieta; 
Conjunto Residencial Padre Manuel da Nóbrega; 
Jardim Brasil; 
Jardim Cardoso; 
Jardim Coimbra; 
Jardim Marina; 
Jardim Nordeste; 
Jardim Olímpia; 
Jardim São João; 
Jardim São José; 
Vila Campanela; 
Vila Nhocuné; 
Vila Santa Teresa; 
Barra Funda; 
Água Branca; 
Vila Charlote; 
Bela Vista; 
Categoria:Bixiga; 
Contém 0 subcategoria, 4 páginas e 0 ficheiro; 
Belém; 
Belenzinho; 
Catumbi; 
Chácara Tatuapé; 
Quarta Parada; 
Bom Retiro; 
Luz; 
Ponte Pequena; 
Brasilândia; 
Jardim Ana Maria; 
Jardim Damasceno; 
Jardim Elisa Maria; 
Jardim dos Francos; 
Jardim Guarani; 
Jardim Paraná; 
Jardim do Tiro; 
Jardim Vista Alegre; 
Vila Itaberaba; 
Vila Penteado; 
Vila Rica; 
Butantã; 
Cidade Bandeirantes; 
Cidade Universitária Armando de Salles Oliveira; 
City Butantã; 
Ferreira; 
Jardim Ademar; 
Jardim Ademar de Barros; 
Jardim Bonfiglioli; 
Jardim Caxingui; 
Jardim Caxinguí; 
Jardim Christie; 
Jardim Matarazzo; 
Jardim Pinheiros; 
Jardim Rizzo; 
Jardim São Gilberto; 
Previdência; 
Vila Gomes; 
Vila Indiana; 
Vila Pirajussara; 
Cachoeirinha; 
Jardim Antártica; 
Jardim Peri; 
Jardim Santa Cruz; 
Vila Amália; 
Vila Bela Vista; 
Vila Nova Cachoeirinha; 
Cambuci; 
Campo Belo; 
Brooklin Velho; 
Jardim Aeroporto; 
Vila Aeroporto; 
Vila Canaã; 
Vila Carmem; 
Vila Congonhas; 
Campo Grande (São Paulo); 
Campo Grande; 
Jardim Bélgica; 
Jardim Marajoara; 
Jurubatuba; 
Vila Anhanguera; 
Vila Cabral; 
Vila Isa; 
Vila Sofia; 
Campo Limpo (distrito de São Paulo); 
Categoria:Jardim Umuarama; 
Contém 0 subcategoria, 1 página e 0 ficheiro; 
Cangaíba; 
Engenheiro Goulart; 
Capão Redondo; 
Cidade Auxiliadora; 
Jardim Comercial; 
Jardim Dom José; 
Jardim Itaoca; 
Jardim Maracá; 
Jardim Rosana; 
Vila Prel; 
Vila Santa Maria; 
Carrão; 
Carrãozinho; 
Chácara Califórnia; 
Chácara Santo Antônio; 
Chácara Santo Estêvão; 
Vila Carrão; 
Vila Nova Manchester; 
Vila Santa Isabel; 
Cidade Ademar; 
Jardim Miriam; 
Jardim Anchieta; 
Jardim Cidália; 
Jardim Prudência; 
Vila Joaniza; 
Cidade Dutra; 
Interlagos; 
Jardim Beatriz; 
Jardim Clipper; 
Jardim Graúna; 
Jardim Guanhembu; 
Jardim Jordanópolis; 
Jardim Lallo; 
Jardim Orion; 
Jardim Panorama; 
Jardim Presidente; 
Jardim Primavera; 
Parque das Árvores; 
Terceira Divisão de Interlagos; 
Vila Quintana; 
Vila Rubi; 
Vila São José; 
Cidade Líder; 
Jardim Brasília; 
Jardim Eliane; 
Jardim Itapema; 
Jardim Santa Maria; 
Cidade Líder; 
Jardim Marília; 
Jardim Santa Teresinha; 
Vila Santa Rita; 
Cidade Tiradentes; 
Cidade Castro Alves; 
Vila Yolanda II; 
Consolação; 
Arquitetura do bairro de Higienópolis; 
Baixo Augusta; 
Cerqueira César; 
Higienópolis; 
Pacaembu; 
Vila Buarque; 
Cursino; 
Água Funda; 
Jardim São Savério; 
Jardim da Saúde; 
Vila Brasilina; 
Vila Moraes; 
Ermelino Matarazzo; 
Jardim Belém; 
Jardim Verônia; 
Parque Boturussu; 
Parque Guedes; 
Vila Císper; 
Vila Paranaguá; 
Vila Robertina; 
Freguesia do Ó; 
Usuário(a):Arthurbeltrame/Testes; 
Chácara do Rosário; 
Itaberaba; 
Jardim Monjolo; 
Sítio Morro Grande; 
Vila Arcádia; 
Vila Bela; 
Vila Hebe; 
Vila Moinho Velho; 
Vila São Francisco; 
Vila São Vicente; 
Vila Siqueira; 
Vila Vani; 
Grajaú; 
Cantinho do Céu; 
Bororé; 
Ilha do Bororé; 
Jardim Belcito; 
Jardim Edda; 
Jardim Porto Velho; 
Jardim São Bernardo; 
Parque Residencial Cocaia; 
Vila Narciso; 
Guaianases; 
Jardim São Carlos; 
Jardim São Luís; 
Jardim São Paulo; 
Jardim Soares; 
Vila Popular; 
Iguatemi; 
Terceira Divisão; 
Ipiranga; 
Alto do Ipiranga; 
Centro Técnico Templo da Arte; 
Cidade Nova Heliópolis; 
Sacomã; 
Vila Carioca; 
Vila Dom Pedro I; 
Vila Monumento; 
Vila Sacomã; 
Itaim Bibi; 
Brooklin; 
Brooklin Novo; 
Chácara Itaim; 
Cidade Monções; 
Vila Cordeiro; 
Vila Olímpia; 
Itaim Paulista; 
Chácara Dona Olívia; 
Cidade Kemel; 
Conjunto Encosta Norte; 
Jardim Camargo; 
Jardim das Oliveiras; 
Jardim Nélia; 
Jardim Silva Teles; 
Jardim Sílvia; 
Jardim Virgínia; 
Vila Alabama; 
Vila Carolina; 
Itaquera; 
Jardim Itapemirim; 
Jardim Redil; 
Vila Carmosina; 
Vila Santa Terezinha; 
Vila Santana; 
Jabaquara; 
Americanópolis; 
Cidade Domitila; 
Cidade Leonor; 
Cidade Vargas; 
Jardim Bom Clima; 
Jardim Clélia; 
Jardim Itacolomi; 
Jardim Jabaquara; 
Jardim Lourdes; 
Jardim Mendes Gaia; 
Jardim Metropolitano; 
Jardim Oriental; 
Jardim Scaff; 
Jardim Sul São Paulo; 
Jardim Vila Rica; 
Vila Alexandrina; 
Vila Babilônia; 
Vila Campestre; 
Vila Clara; 
Vila do Encontro; 
Vila Facchini; 
Vila Guarani; 
Vila Imperial; 
Vila Jabaquara; 
Vila Mascote; 
Vila Mira; 
Vila Parque Jabaquara; 
Vila Paulista; 
Vila Santa Catarina; 
Jaçanã; 
Parque Edu Chaves; 
Jaguara; 
Jardim Vieira; 
Vila Jaguara; 
Vila Nilva; 
Vila Piauí; 
Jaguaré (distrito de São Paulo); 
Jaguaré; 
Parque Continental; 
Vila Lageado; 
Jaraguá; 
Cohab Taipas; 
Parque Taipas; 
Jardim Ângela; 
Cidade Ipava; 
M&#039;Boi Mirim; 
Jardim Helena; 
Jardim Aimoré; 
Jardim Romano; 
Vila Itaim; 
Vila Mara; 
Jardim Paulista; 
Jardins; 
Jardim América; 
Predefinição:Localização do bairro do Jardim Paulista(São Paulo); 
Jardim São Luís; 
Guarapiranga; 
Jardim Guarujá; 
Vila das Belezas; 
Lapa; 
Alto da Lapa; 
Bela Aliança; 
Lapa de Baixo; 
Vila Anastácio; 
Vila Ipojuca; 
Vila Romana; 
Liberdade; 
Aclimação; 
Glicério; 
Limão; 
Bairro do Limão; 
Casa Verde Alta; 
Chácara Morro Alto; 
Conjunto Residencial Novo Pacaembu; 
Jardim das Graças; 
Jardim Pereira Leite; 
Jardim Sítio do Morro; 
Jardim Tabor; 
Sítio do Morro; 
Vila Barbosa; 
Vila Carbone; 
Vila Cristo Rei; 
Vila Espanhola; 
Vila Marisbela; 
Vila Prado; 
Vila Santista; 
Mandaqui; 
Chácara do Encosto; 
Horto Florestal; 
Lauzane Paulista; 
Marsilac; 
Engenheiro Marsilac; 
Jardim Emburá; 
Moema; 
Ibirapuera; 
Indianópolis; 
Jardim Lusitânia; 
Vila Nova Conceição; 
Vila Uberabinha; 
Mooca; 
Hipódromo; 
Parque da Mooca; 
Morumbi; 
John Rudge; 
Cidade Jardim; 
Fazenda Morumbi; 
Jardim d&#039;Oeste; 
Jardim Everest; 
Jardim Leonor; 
Jardim Progredior; 
Jardim Silvia; 
Real Parque; 
Rolinópolis; 
Vila Morumbi; 
Vila Tramontano; 
Parelheiros; 
Barragem; 
Colônia; 
Engenho Velho; 
Morro do Urubu; 
Recanto Campo Belo; 
Vila Isabel; 
Vila Roschel; 
Pari; 
Canindé; 
Parque do Carmo; 
Jardim Nossa Senhora do Carmo; 
Penha; 
Vila Esperança; 
Vila Ré; 
Vila Salete; 
Perdizes; 
Jardim Vera Cruz; 
Pompeia; 
Sumaré; 
Vila Anglo Brasileira; 
Pinheiros; 
Jardim das Bandeiras; 
Jardim Europa; 
Jardim Paulistano; 
Jardim Viana; 
Sumarezinho; 
Ponte Rasa; 
Burgo Paulista; 
Cidade Antônio Estêvão de Carvalho; 
Jardim Cotinha; 
Jardim Fonte São Miguel; 
Jardim Laone; 
Jardim Lisboa; 
Jardim Penha; 
Jardim Popular; 
Jardim Santo Onofre; 
Jardim Soraia; 
Jardim Três Marias; 
Parque Penha; 
Parque Recreio; 
Vila Bauap; 
Vila Caju; 
Vila Costa Melo; 
Vila Costancia; 
Vila Domitilia; 
Vila Frugol; 
Vila Mirim; 
Vila Odete; 
Vila Ponte Rasa; 
Vila Prima; 
Vila Ribeiro dos Santos; 
Vila Ribeiro Dos Santos; 
Vila Santa Lúcia; 
Vila Sapaio; 
Vila Stela; 
Vila União; 
Raposo Tavares; 
Conjunto Promorar Raposo Tavares; 
Jardim Boa Vista; 
Jardim João XXIII; 
Parque Ipê; 
República; 
Cracolândia; 
Santa Efigênia; 
Rio Pequeno; 
Cidade São Francisco; 
Jardim Adalgisa; 
Jardim d&#039;Abril; 
Jardim Ester Yolanda; 
Jardim Sarah; 
Vila Butantã; 
Sacomã; 
Parque Bristol; 
São João Clímaco; 
Vila das Mercês; 
Vila Liviero; 
Santa Cecília (distrito de São Paulo); 
Campos Elíseos; 
Santa Cecília; 
Santana; 
Água Fria; 
Alto de Santana; 
Centro de Santana; 
Chora Menino; 
Jardim Carmem Verônica; 
Jardim do Colégio; 
Santa Teresinha; 
Vila Benevente; 
Vila José Casa Grande; 
Vila Marisa Mazzei; 
Vila Matias; 
Vila Rabelo; 
Vila Pauliceia; 
Vila Santa Luzia; 
Vila Siciliano; 
Vila Vitório; 
Vila Zélia; 
Santo Amaro; 
Alto da Boa Vista; 
Chácara Flora; 
Chácara Monte Alegre; 
Granja Julieta; 
Jardim Letícia; 
Várzea de Baixo; 
Vila do Cruzeiro; 
Vila Gertrudes; 
São Domingos; 
City América; 
Jardim Vista Linda; 
Vila Jaraguá; 
São Lucas; 
Jardim Independência; 
Parque São Lucas; 
Vila Ema; 
Vila Rosa; 
São Mateus (São Paulo); 
São Mateus; 
São Miguel Paulista; 
Cidade Nitro Operária; 
Cidade Nova São Miguel; 
Jardim São Martinho; 
Vila Doutor Eiras; 
Vila Rosária; 
São Rafael; 
Jardim Santo André; 
Parque São Rafael; 
Sapopemba; 
Conjunto Teotônio Vilela; 
Jardim Grimaldi; 
Jardim Iva; 
Jardim Mimar; 
Fazenda da Juta; 
Vila Tolstói; 
Vila Bancária; 
Vila Barreira Grande; 
Vila Nova Brasília; 
Vila Primavera; 
Saúde; 
Chácara Inglesa; 
Mirandópolis; 
Planalto Paulista; 
Vila da Saúde; 
Vila Monte Alegre; 
Sé; 
Mercado; 
Tatuapé; 
Altos do Tatuapé; 
Chácara Maranhão; 
Cidade Mãe do Céu; 
Jardim Alice; 
Jardim Textília; 
Parque São Jorge; 
Vila Azevedo; 
Vila Brasil; 
Vila Gomes Cardim; 
Vila Luísa; 
Vila Lusitana; 
Vila Moreira; 
Vila Santo Estêvão; 
Vila Zilda; 
Tremembé; 
Bortolândia; 
Parque Palmas do Tremembé; 
Vila Albertina; 
Vila Paulistana; 
Tucuruvi (distrito de São Paulo); 
Cachoeira; 
Corisco; 
Jardim Barro Branco; 
Jardim Entre Serras; 
Jardim França; 
Jardim Kherlakian; 
Jardim Leonor Mendes de Barros; 
Jardim Nelson; 
Jardim Vieira de Carvalho; 
Parada Inglesa; 
Parque Rodrigues Alves; 
Parque Vitória; 
Tucuruvi; 
Vila Cachoeira; 
Vila Dom Pedro II; 
Vila Gustavo; 
Vila Leo; 
Vila Mazzei; 
Vila Nivi; 
Vila Pedrosa; 
Vila Porto; 
Vila Andrade; 
Panamby; 
Paraisópolis; 
Vila Curuçá; 
Jardim Eva; 
Jardim Nazareth; 
Jardim Quissisana; 
Jardim Robru; 
Jardim Rosina; 
Jardim Senice; 
Parque Dom João Néri; 
Vila Conceição; 
Vila Luzimar; 
Vila Formosa; 
Chácara Belenzinho; 
Capão do Embira; 
Jardim Anália Franco; 
Jardim Iara; 
Jardim Têxtil; 
Parque Cruzeiro do Sul; 
Vila Antonina; 
Vila Araci; 
Vila Cruzeiro; 
Vila Embira; 
Vila Mafra; 
Vila Olinda; 
Vila Guilherme; 
Carandiru; 
Chácara Cuoco; 
Jardim da Coroa; 
Jardim da Divisa; 
Jardim Sara; 
Vila Bariri; 
Vila Eleonore; 
Vila Isolina Mazzei; 
Vila Leonor; 
Vila Paiva; 
Vila Pizzotti; 
Vila Salvador Romeu; 
Vila Versoni; 
Vila Jacuí; 
Vila Síria; 
Jardim Pedro José Nunes; 
Jardim Ruth; 
União de Vila Nova; 
Vila Leopoldina; 
Conjunto Haddad; 
Jardim Humaitá; 
Vila Ribeiro de Barros; 
Vila Maria; 
Conjunto Promorar Vila Maria; 
Jardim Andaraí; 
Jardim Japão; 
Parque Novo Mundo; 
Vila Maria Baixa; 
Parque Vila Maria; 
Vila Maria Alta; 
Vila Mariana; 
Chácara do Castelo; 
Chácara Klabin; 
Conjunto dos Bancários; 
Jardim Aurélia; 
Jardim da Glória; 
Jardim Lutfalla; 
Jardim Vila Mariana; 
Paraíso; 
Vila Afonso Celso; 
Vila Clementino; 
Vila Matilde; 
Chácara Seis de Outubro; 
Cidade Patriarca; 
Jardim Assunção; 
Jardim Hercília; 
Jardim Maringá; 
Jardim Samara; 
Jardim Triana; 
Vila Aricanduva; 
Vila Dalila; 
Vila Eutália; 
Vila Guilhermina; 
Vila Nova Savoia; 
Vila Talarico; 
Vila Medeiros; 
Conjunto Promorar Fernão Dias; 
Jardim Neila; 
Vila Alegria; 
Vila Ede; 
Vila Elisa; 
Vila Munhoz; 
Vila Sabrina; 
Jardim Guançã; 
Jardim Julieta; 
Vila Prudente; 
Jardim Avelino; 
Parque da Vila Prudente; 
Quinta da Paineira; 
Sítio da Figueira; 
Vila Alpina; 
Vila Califórnia; 
Vila Lúcia; 
Vila Zelina; 
Vila Sônia; 
Conjunto Residencial do Morumbi; 
Jardim Alvorada; 
Jardim Brasilina; 
Jardim Camboré; 
Jardim Celeste; 
Jardim Colombo; 
Jardim das Palmas; 
Jardim das Vertentes; 
Jardim Eunice; 
Jardim Jaqueline; 
Jardim Jussara; 
Jardim Leila; 
Jardim Londrina; 
Jardim Maria do Carmo; 
Jardim Monte Kemel; 
Jardim Morro Verde; 
Jardim Nilson; 
Jardim Novo Taboão; 
Jardim Olympia; 
Jardim Oriente; 
Jardim Peri Peri; 
Jardim Rebouças; 
Jardim Rosemary; 
Jardim Taboão; 
Jardim Trussardi; 
Jardim Vazami; 
L&#039;Habitare; 
Lar São Paulo; 
Predefinição:Localização do bairro Jardim Monte Kemel; 
Superquadra Morumbi; 
Vila Albano; 
Vila Campo Belo; 
Vila Inah; 
Vila Morse; 
Vila Olga; 
Vila Pires; 
Vila Praia; 
Vila Rute; 
Vila Sabiá; 
Vila Susana; 
